"table","section_id","item","instrument","instructions","section_prompt","item_text","option_text","resp"
"namprb_siwiak_2024_desrpl","main","DES-R-PL_1","Dissociative Experiences Scale–Revised (DES-R-PL)",NA,NA,"Some people have the experience of driving a car and suddenly realizing that they don’t remember what has happened during all or part of the trip.","Never",0
"namprb_siwiak_2024_desrpl","main","DES-R-PL_1","Dissociative Experiences Scale–Revised (DES-R-PL)",NA,NA,"Some people have the experience of driving a car and suddenly realizing that they don’t remember what has happened during all or part of the trip.","It happened once or twice",1
"namprb_siwiak_2024_desrpl","main","DES-R-PL_1","Dissociative Experiences Scale–Revised (DES-R-PL)",NA,NA,"Some people have the experience of driving a car and suddenly realizing that they don’t remember what has happened during all or part of the trip.","No more than once a year",2
"namprb_siwiak_2024_desrpl","main","DES-R-PL_1","Dissociative Experiences Scale–Revised (DES-R-PL)",NA,NA,"Some people have the experience of driving a car and suddenly realizing that they don’t remember what has happened during all or part of the trip.","Once a year or several months",3
"namprb_siwiak_2024_desrpl","main","DES-R-PL_1","Dissociative Experiences Scale–Revised (DES-R-PL)",NA,NA,"Some people have the experience of driving a car and suddenly realizing that they don’t remember what has happened during all or part of the trip.","At least once a month",4
"namprb_siwiak_2024_desrpl","main","DES-R-PL_1","Dissociative Experiences Scale–Revised (DES-R-PL)",NA,NA,"Some people have the experience of driving a car and suddenly realizing that they don’t remember what has happened during all or part of the trip.","On average once a week",5
"namprb_siwiak_2024_desrpl","main","DES-R-PL_1","Dissociative Experiences Scale–Revised (DES-R-PL)",NA,NA,"Some people have the experience of driving a car and suddenly realizing that they don’t remember what has happened during all or part of the trip.","More than once a week",6
"namprb_siwiak_2024_desrpl","main","DES-R-PL_1","Dissociative Experiences Scale–Revised (DES-R-PL)",NA,NA,"Some people have the experience of driving a car and suddenly realizing that they don’t remember what has happened during all or part of the trip.","Once a day or more often",7
"namprb_siwiak_2024_desrpl","main","DES-R-PL_10","Dissociative Experiences Scale–Revised (DES-R-PL)",NA,NA,"Some people have had the experience of being accused of lying when they do not think that they have lied.","It happened once or twice",1
"namprb_siwiak_2024_desrpl","main","DES-R-PL_10","Dissociative Experiences Scale–Revised (DES-R-PL)",NA,NA,"Some people have had the experience of being accused of lying when they do not think that they have lied.","More than once a week",6
"namprb_siwiak_2024_desrpl","main","DES-R-PL_10","Dissociative Experiences Scale–Revised (DES-R-PL)",NA,NA,"Some people have had the experience of being accused of lying when they do not think that they have lied.","Once a year or several months",3
"namprb_siwiak_2024_desrpl","main","DES-R-PL_10","Dissociative Experiences Scale–Revised (DES-R-PL)",NA,NA,"Some people have had the experience of being accused of lying when they do not think that they have lied.","At least once a month",4
"namprb_siwiak_2024_desrpl","main","DES-R-PL_10","Dissociative Experiences Scale–Revised (DES-R-PL)",NA,NA,"Some people have had the experience of being accused of lying when they do not think that they have lied.","On average once a week",5
"namprb_siwiak_2024_desrpl","main","DES-R-PL_10","Dissociative Experiences Scale–Revised (DES-R-PL)",NA,NA,"Some people have had the experience of being accused of lying when they do not think that they have lied.","No more than once a year",2
"namprb_siwiak_2024_desrpl","main","DES-R-PL_10","Dissociative Experiences Scale–Revised (DES-R-PL)",NA,NA,"Some people have had the experience of being accused of lying when they do not think that they have lied.","Once a day or more often",7
"namprb_siwiak_2024_desrpl","main","DES-R-PL_10","Dissociative Experiences Scale–Revised (DES-R-PL)",NA,NA,"Some people have had the experience of being accused of lying when they do not think that they have lied.","Never",0
"namprb_siwiak_2024_desrpl","main","DES-R-PL_11","Dissociative Experiences Scale–Revised (DES-R-PL)",NA,NA,"Some people have the experience of looking in a mirror and not recognizing themselves.","Once a year or several months",3
"namprb_siwiak_2024_desrpl","main","DES-R-PL_11","Dissociative Experiences Scale–Revised (DES-R-PL)",NA,NA,"Some people have the experience of looking in a mirror and not recognizing themselves.","More than once a week",6
"namprb_siwiak_2024_desrpl","main","DES-R-PL_11","Dissociative Experiences Scale–Revised (DES-R-PL)",NA,NA,"Some people have the experience of looking in a mirror and not recognizing themselves.","On average once a week",5
"namprb_siwiak_2024_desrpl","main","DES-R-PL_11","Dissociative Experiences Scale–Revised (DES-R-PL)",NA,NA,"Some people have the experience of looking in a mirror and not recognizing themselves.","No more than once a year",2
"namprb_siwiak_2024_desrpl","main","DES-R-PL_11","Dissociative Experiences Scale–Revised (DES-R-PL)",NA,NA,"Some people have the experience of looking in a mirror and not recognizing themselves.","It happened once or twice",1
"namprb_siwiak_2024_desrpl","main","DES-R-PL_11","Dissociative Experiences Scale–Revised (DES-R-PL)",NA,NA,"Some people have the experience of looking in a mirror and not recognizing themselves.","At least once a month",4
"namprb_siwiak_2024_desrpl","main","DES-R-PL_11","Dissociative Experiences Scale–Revised (DES-R-PL)",NA,NA,"Some people have the experience of looking in a mirror and not recognizing themselves.","Never",0
"namprb_siwiak_2024_desrpl","main","DES-R-PL_11","Dissociative Experiences Scale–Revised (DES-R-PL)",NA,NA,"Some people have the experience of looking in a mirror and not recognizing themselves.","Once a day or more often",7
"namprb_siwiak_2024_desrpl","main","DES-R-PL_12","Dissociative Experiences Scale–Revised (DES-R-PL)",NA,NA,"Some people sometimes have the experience of feeling that other people, objects, and the world around them are not real.","Once a year or several months",3
"namprb_siwiak_2024_desrpl","main","DES-R-PL_12","Dissociative Experiences Scale–Revised (DES-R-PL)",NA,NA,"Some people sometimes have the experience of feeling that other people, objects, and the world around them are not real.","No more than once a year",2
"namprb_siwiak_2024_desrpl","main","DES-R-PL_12","Dissociative Experiences Scale–Revised (DES-R-PL)",NA,NA,"Some people sometimes have the experience of feeling that other people, objects, and the world around them are not real.","More than once a week",6
"namprb_siwiak_2024_desrpl","main","DES-R-PL_12","Dissociative Experiences Scale–Revised (DES-R-PL)",NA,NA,"Some people sometimes have the experience of feeling that other people, objects, and the world around them are not real.","At least once a month",4
"namprb_siwiak_2024_desrpl","main","DES-R-PL_12","Dissociative Experiences Scale–Revised (DES-R-PL)",NA,NA,"Some people sometimes have the experience of feeling that other people, objects, and the world around them are not real.","On average once a week",5
"namprb_siwiak_2024_desrpl","main","DES-R-PL_12","Dissociative Experiences Scale–Revised (DES-R-PL)",NA,NA,"Some people sometimes have the experience of feeling that other people, objects, and the world around them are not real.","It happened once or twice",1
"namprb_siwiak_2024_desrpl","main","DES-R-PL_12","Dissociative Experiences Scale–Revised (DES-R-PL)",NA,NA,"Some people sometimes have the experience of feeling that other people, objects, and the world around them are not real.","Once a day or more often",7
"namprb_siwiak_2024_desrpl","main","DES-R-PL_12","Dissociative Experiences Scale–Revised (DES-R-PL)",NA,NA,"Some people sometimes have the experience of feeling that other people, objects, and the world around them are not real.","Never",0
"namprb_siwiak_2024_desrpl","main","DES-R-PL_13","Dissociative Experiences Scale–Revised (DES-R-PL)",NA,NA,"Some people sometimes have the experience of feeling that their body does not seem to belong to them.","It happened once or twice",1
"namprb_siwiak_2024_desrpl","main","DES-R-PL_13","Dissociative Experiences Scale–Revised (DES-R-PL)",NA,NA,"Some people sometimes have the experience of feeling that their body does not seem to belong to them.","Never",0
"namprb_siwiak_2024_desrpl","main","DES-R-PL_13","Dissociative Experiences Scale–Revised (DES-R-PL)",NA,NA,"Some people sometimes have the experience of feeling that their body does not seem to belong to them.","At least once a month",4
"namprb_siwiak_2024_desrpl","main","DES-R-PL_13","Dissociative Experiences Scale–Revised (DES-R-PL)",NA,NA,"Some people sometimes have the experience of feeling that their body does not seem to belong to them.","No more than once a year",2
"namprb_siwiak_2024_desrpl","main","DES-R-PL_13","Dissociative Experiences Scale–Revised (DES-R-PL)",NA,NA,"Some people sometimes have the experience of feeling that their body does not seem to belong to them.","Once a year or several months",3
"namprb_siwiak_2024_desrpl","main","DES-R-PL_13","Dissociative Experiences Scale–Revised (DES-R-PL)",NA,NA,"Some people sometimes have the experience of feeling that their body does not seem to belong to them.","Once a day or more often",7
"namprb_siwiak_2024_desrpl","main","DES-R-PL_13","Dissociative Experiences Scale–Revised (DES-R-PL)",NA,NA,"Some people sometimes have the experience of feeling that their body does not seem to belong to them.","On average once a week",5
"namprb_siwiak_2024_desrpl","main","DES-R-PL_13","Dissociative Experiences Scale–Revised (DES-R-PL)",NA,NA,"Some people sometimes have the experience of feeling that their body does not seem to belong to them.","More than once a week",6
"namprb_siwiak_2024_desrpl","main","DES-R-PL_14","Dissociative Experiences Scale–Revised (DES-R-PL)",NA,NA,"Some people have the experience of sometimes remembering a past event so vividly that they feel as if they were reliving that event.","Once a year or several months",3
"namprb_siwiak_2024_desrpl","main","DES-R-PL_14","Dissociative Experiences Scale–Revised (DES-R-PL)",NA,NA,"Some people have the experience of sometimes remembering a past event so vividly that they feel as if they were reliving that event.","More than once a week",6
"namprb_siwiak_2024_desrpl","main","DES-R-PL_14","Dissociative Experiences Scale–Revised (DES-R-PL)",NA,NA,"Some people have the experience of sometimes remembering a past event so vividly that they feel as if they were reliving that event.","Never",0
"namprb_siwiak_2024_desrpl","main","DES-R-PL_14","Dissociative Experiences Scale–Revised (DES-R-PL)",NA,NA,"Some people have the experience of sometimes remembering a past event so vividly that they feel as if they were reliving that event.","It happened once or twice",1
"namprb_siwiak_2024_desrpl","main","DES-R-PL_14","Dissociative Experiences Scale–Revised (DES-R-PL)",NA,NA,"Some people have the experience of sometimes remembering a past event so vividly that they feel as if they were reliving that event.","No more than once a year",2
"namprb_siwiak_2024_desrpl","main","DES-R-PL_14","Dissociative Experiences Scale–Revised (DES-R-PL)",NA,NA,"Some people have the experience of sometimes remembering a past event so vividly that they feel as if they were reliving that event.","At least once a month",4
"namprb_siwiak_2024_desrpl","main","DES-R-PL_14","Dissociative Experiences Scale–Revised (DES-R-PL)",NA,NA,"Some people have the experience of sometimes remembering a past event so vividly that they feel as if they were reliving that event.","On average once a week",5
"namprb_siwiak_2024_desrpl","main","DES-R-PL_14","Dissociative Experiences Scale–Revised (DES-R-PL)",NA,NA,"Some people have the experience of sometimes remembering a past event so vividly that they feel as if they were reliving that event.","Once a day or more often",7
"namprb_siwiak_2024_desrpl","main","DES-R-PL_15","Dissociative Experiences Scale–Revised (DES-R-PL)",NA,NA,"Some people have the experience of not being sure if things that they remember happening really did happen or whether they just dreamed them.","Never",0
"namprb_siwiak_2024_desrpl","main","DES-R-PL_15","Dissociative Experiences Scale–Revised (DES-R-PL)",NA,NA,"Some people have the experience of not being sure if things that they remember happening really did happen or whether they just dreamed them.","No more than once a year",2
"namprb_siwiak_2024_desrpl","main","DES-R-PL_15","Dissociative Experiences Scale–Revised (DES-R-PL)",NA,NA,"Some people have the experience of not being sure if things that they remember happening really did happen or whether they just dreamed them.","Once a year or several months",3
"namprb_siwiak_2024_desrpl","main","DES-R-PL_15","Dissociative Experiences Scale–Revised (DES-R-PL)",NA,NA,"Some people have the experience of not being sure if things that they remember happening really did happen or whether they just dreamed them.","On average once a week",5
"namprb_siwiak_2024_desrpl","main","DES-R-PL_15","Dissociative Experiences Scale–Revised (DES-R-PL)",NA,NA,"Some people have the experience of not being sure if things that they remember happening really did happen or whether they just dreamed them.","More than once a week",6
"namprb_siwiak_2024_desrpl","main","DES-R-PL_15","Dissociative Experiences Scale–Revised (DES-R-PL)",NA,NA,"Some people have the experience of not being sure if things that they remember happening really did happen or whether they just dreamed them.","Once a day or more often",7
"namprb_siwiak_2024_desrpl","main","DES-R-PL_15","Dissociative Experiences Scale–Revised (DES-R-PL)",NA,NA,"Some people have the experience of not being sure if things that they remember happening really did happen or whether they just dreamed them.","It happened once or twice",1
"namprb_siwiak_2024_desrpl","main","DES-R-PL_15","Dissociative Experiences Scale–Revised (DES-R-PL)",NA,NA,"Some people have the experience of not being sure if things that they remember happening really did happen or whether they just dreamed them.","At least once a month",4
"namprb_siwiak_2024_desrpl","main","DES-R-PL_16","Dissociative Experiences Scale–Revised (DES-R-PL)",NA,NA,"Some people have the experience of being in a familiar place and finding it strange and unfamiliar.","It happened once or twice",1
"namprb_siwiak_2024_desrpl","main","DES-R-PL_16","Dissociative Experiences Scale–Revised (DES-R-PL)",NA,NA,"Some people have the experience of being in a familiar place and finding it strange and unfamiliar.","No more than once a year",2
"namprb_siwiak_2024_desrpl","main","DES-R-PL_16","Dissociative Experiences Scale–Revised (DES-R-PL)",NA,NA,"Some people have the experience of being in a familiar place and finding it strange and unfamiliar.","Never",0
"namprb_siwiak_2024_desrpl","main","DES-R-PL_16","Dissociative Experiences Scale–Revised (DES-R-PL)",NA,NA,"Some people have the experience of being in a familiar place and finding it strange and unfamiliar.","At least once a month",4
"namprb_siwiak_2024_desrpl","main","DES-R-PL_16","Dissociative Experiences Scale–Revised (DES-R-PL)",NA,NA,"Some people have the experience of being in a familiar place and finding it strange and unfamiliar.","On average once a week",5
"namprb_siwiak_2024_desrpl","main","DES-R-PL_16","Dissociative Experiences Scale–Revised (DES-R-PL)",NA,NA,"Some people have the experience of being in a familiar place and finding it strange and unfamiliar.","Once a year or several months",3
"namprb_siwiak_2024_desrpl","main","DES-R-PL_16","Dissociative Experiences Scale–Revised (DES-R-PL)",NA,NA,"Some people have the experience of being in a familiar place and finding it strange and unfamiliar.","Once a day or more often",7
"namprb_siwiak_2024_desrpl","main","DES-R-PL_16","Dissociative Experiences Scale–Revised (DES-R-PL)",NA,NA,"Some people have the experience of being in a familiar place and finding it strange and unfamiliar.","More than once a week",6
"namprb_siwiak_2024_desrpl","main","DES-R-PL_17","Dissociative Experiences Scale–Revised (DES-R-PL)",NA,NA,"Some people find that when they are watching television or a movie they become so absorbed in the story that they are unaware of other events happening around them.","Once a day or more often",7
"namprb_siwiak_2024_desrpl","main","DES-R-PL_17","Dissociative Experiences Scale–Revised (DES-R-PL)",NA,NA,"Some people find that when they are watching television or a movie they become so absorbed in the story that they are unaware of other events happening around them.","Never",0
"namprb_siwiak_2024_desrpl","main","DES-R-PL_17","Dissociative Experiences Scale–Revised (DES-R-PL)",NA,NA,"Some people find that when they are watching television or a movie they become so absorbed in the story that they are unaware of other events happening around them.","More than once a week",6
"namprb_siwiak_2024_desrpl","main","DES-R-PL_17","Dissociative Experiences Scale–Revised (DES-R-PL)",NA,NA,"Some people find that when they are watching television or a movie they become so absorbed in the story that they are unaware of other events happening around them.","No more than once a year",2
"namprb_siwiak_2024_desrpl","main","DES-R-PL_17","Dissociative Experiences Scale–Revised (DES-R-PL)",NA,NA,"Some people find that when they are watching television or a movie they become so absorbed in the story that they are unaware of other events happening around them.","Once a year or several months",3
"namprb_siwiak_2024_desrpl","main","DES-R-PL_17","Dissociative Experiences Scale–Revised (DES-R-PL)",NA,NA,"Some people find that when they are watching television or a movie they become so absorbed in the story that they are unaware of other events happening around them.","It happened once or twice",1
"namprb_siwiak_2024_desrpl","main","DES-R-PL_17","Dissociative Experiences Scale–Revised (DES-R-PL)",NA,NA,"Some people find that when they are watching television or a movie they become so absorbed in the story that they are unaware of other events happening around them.","On average once a week",5
"namprb_siwiak_2024_desrpl","main","DES-R-PL_17","Dissociative Experiences Scale–Revised (DES-R-PL)",NA,NA,"Some people find that when they are watching television or a movie they become so absorbed in the story that they are unaware of other events happening around them.","At least once a month",4
"namprb_siwiak_2024_desrpl","main","DES-R-PL_18","Dissociative Experiences Scale–Revised (DES-R-PL)",NA,NA,"Some people find that they become so involved in fantasy or daydream that it feels as though it were really happening to them.","Never",0
"namprb_siwiak_2024_desrpl","main","DES-R-PL_18","Dissociative Experiences Scale–Revised (DES-R-PL)",NA,NA,"Some people find that they become so involved in fantasy or daydream that it feels as though it were really happening to them.","Once a day or more often",7
"namprb_siwiak_2024_desrpl","main","DES-R-PL_18","Dissociative Experiences Scale–Revised (DES-R-PL)",NA,NA,"Some people find that they become so involved in fantasy or daydream that it feels as though it were really happening to them.","Once a year or several months",3
"namprb_siwiak_2024_desrpl","main","DES-R-PL_18","Dissociative Experiences Scale–Revised (DES-R-PL)",NA,NA,"Some people find that they become so involved in fantasy or daydream that it feels as though it were really happening to them.","More than once a week",6
"namprb_siwiak_2024_desrpl","main","DES-R-PL_18","Dissociative Experiences Scale–Revised (DES-R-PL)",NA,NA,"Some people find that they become so involved in fantasy or daydream that it feels as though it were really happening to them.","On average once a week",5
"namprb_siwiak_2024_desrpl","main","DES-R-PL_18","Dissociative Experiences Scale–Revised (DES-R-PL)",NA,NA,"Some people find that they become so involved in fantasy or daydream that it feels as though it were really happening to them.","No more than once a year",2
"namprb_siwiak_2024_desrpl","main","DES-R-PL_18","Dissociative Experiences Scale–Revised (DES-R-PL)",NA,NA,"Some people find that they become so involved in fantasy or daydream that it feels as though it were really happening to them.","It happened once or twice",1
"namprb_siwiak_2024_desrpl","main","DES-R-PL_18","Dissociative Experiences Scale–Revised (DES-R-PL)",NA,NA,"Some people find that they become so involved in fantasy or daydream that it feels as though it were really happening to them.","At least once a month",4
"namprb_siwiak_2024_desrpl","main","DES-R-PL_19","Dissociative Experiences Scale–Revised (DES-R-PL)",NA,NA,"Some people find that they are sometimes able to ignore pain.","Once a day or more often",7
"namprb_siwiak_2024_desrpl","main","DES-R-PL_19","Dissociative Experiences Scale–Revised (DES-R-PL)",NA,NA,"Some people find that they are sometimes able to ignore pain.","Never",0
"namprb_siwiak_2024_desrpl","main","DES-R-PL_19","Dissociative Experiences Scale–Revised (DES-R-PL)",NA,NA,"Some people find that they are sometimes able to ignore pain.","On average once a week",5
"namprb_siwiak_2024_desrpl","main","DES-R-PL_19","Dissociative Experiences Scale–Revised (DES-R-PL)",NA,NA,"Some people find that they are sometimes able to ignore pain.","No more than once a year",2
"namprb_siwiak_2024_desrpl","main","DES-R-PL_19","Dissociative Experiences Scale–Revised (DES-R-PL)",NA,NA,"Some people find that they are sometimes able to ignore pain.","Once a year or several months",3
"namprb_siwiak_2024_desrpl","main","DES-R-PL_19","Dissociative Experiences Scale–Revised (DES-R-PL)",NA,NA,"Some people find that they are sometimes able to ignore pain.","At least once a month",4
"namprb_siwiak_2024_desrpl","main","DES-R-PL_19","Dissociative Experiences Scale–Revised (DES-R-PL)",NA,NA,"Some people find that they are sometimes able to ignore pain.","It happened once or twice",1
"namprb_siwiak_2024_desrpl","main","DES-R-PL_19","Dissociative Experiences Scale–Revised (DES-R-PL)",NA,NA,"Some people find that they are sometimes able to ignore pain.","More than once a week",6
"namprb_siwiak_2024_desrpl","main","DES-R-PL_2","Dissociative Experiences Scale–Revised (DES-R-PL)",NA,NA,"Some people find sometimes that they are listening to someone talk and they suddenly realize that they did not hear part or all of what has just been said.","Never",0
"namprb_siwiak_2024_desrpl","main","DES-R-PL_2","Dissociative Experiences Scale–Revised (DES-R-PL)",NA,NA,"Some people find sometimes that they are listening to someone talk and they suddenly realize that they did not hear part or all of what has just been said.","Once a year or several months",3
"namprb_siwiak_2024_desrpl","main","DES-R-PL_2","Dissociative Experiences Scale–Revised (DES-R-PL)",NA,NA,"Some people find sometimes that they are listening to someone talk and they suddenly realize that they did not hear part or all of what has just been said.","More than once a week",6
"namprb_siwiak_2024_desrpl","main","DES-R-PL_2","Dissociative Experiences Scale–Revised (DES-R-PL)",NA,NA,"Some people find sometimes that they are listening to someone talk and they suddenly realize that they did not hear part or all of what has just been said.","Once a day or more often",7
"namprb_siwiak_2024_desrpl","main","DES-R-PL_2","Dissociative Experiences Scale–Revised (DES-R-PL)",NA,NA,"Some people find sometimes that they are listening to someone talk and they suddenly realize that they did not hear part or all of what has just been said.","It happened once or twice",1
"namprb_siwiak_2024_desrpl","main","DES-R-PL_2","Dissociative Experiences Scale–Revised (DES-R-PL)",NA,NA,"Some people find sometimes that they are listening to someone talk and they suddenly realize that they did not hear part or all of what has just been said.","No more than once a year",2
"namprb_siwiak_2024_desrpl","main","DES-R-PL_2","Dissociative Experiences Scale–Revised (DES-R-PL)",NA,NA,"Some people find sometimes that they are listening to someone talk and they suddenly realize that they did not hear part or all of what has just been said.","At least once a month",4
"namprb_siwiak_2024_desrpl","main","DES-R-PL_2","Dissociative Experiences Scale–Revised (DES-R-PL)",NA,NA,"Some people find sometimes that they are listening to someone talk and they suddenly realize that they did not hear part or all of what has just been said.","On average once a week",5
"namprb_siwiak_2024_desrpl","main","DES-R-PL_20","Dissociative Experiences Scale–Revised (DES-R-PL)",NA,NA,"Some people find that they sometimes sit staring off into space thinking of another event and are not aware of the passage of time.","Once a day or more often",7
"namprb_siwiak_2024_desrpl","main","DES-R-PL_20","Dissociative Experiences Scale–Revised (DES-R-PL)",NA,NA,"Some people find that they sometimes sit staring off into space thinking of another event and are not aware of the passage of time.","More than once a week",6
"namprb_siwiak_2024_desrpl","main","DES-R-PL_20","Dissociative Experiences Scale–Revised (DES-R-PL)",NA,NA,"Some people find that they sometimes sit staring off into space thinking of another event and are not aware of the passage of time.","On average once a week",5
"namprb_siwiak_2024_desrpl","main","DES-R-PL_20","Dissociative Experiences Scale–Revised (DES-R-PL)",NA,NA,"Some people find that they sometimes sit staring off into space thinking of another event and are not aware of the passage of time.","It happened once or twice",1
"namprb_siwiak_2024_desrpl","main","DES-R-PL_20","Dissociative Experiences Scale–Revised (DES-R-PL)",NA,NA,"Some people find that they sometimes sit staring off into space thinking of another event and are not aware of the passage of time.","No more than once a year",2
"namprb_siwiak_2024_desrpl","main","DES-R-PL_20","Dissociative Experiences Scale–Revised (DES-R-PL)",NA,NA,"Some people find that they sometimes sit staring off into space thinking of another event and are not aware of the passage of time.","Never",0
"namprb_siwiak_2024_desrpl","main","DES-R-PL_20","Dissociative Experiences Scale–Revised (DES-R-PL)",NA,NA,"Some people find that they sometimes sit staring off into space thinking of another event and are not aware of the passage of time.","At least once a month",4
"namprb_siwiak_2024_desrpl","main","DES-R-PL_20","Dissociative Experiences Scale–Revised (DES-R-PL)",NA,NA,"Some people find that they sometimes sit staring off into space thinking of another event and are not aware of the passage of time.","Once a year or several months",3
"namprb_siwiak_2024_desrpl","main","DES-R-PL_21","Dissociative Experiences Scale–Revised (DES-R-PL)",NA,NA,"Some people sometimes find that when they are alone they sometimes talk out loud to themselves.","On average once a week",5
"namprb_siwiak_2024_desrpl","main","DES-R-PL_21","Dissociative Experiences Scale–Revised (DES-R-PL)",NA,NA,"Some people sometimes find that when they are alone they sometimes talk out loud to themselves.","More than once a week",6
"namprb_siwiak_2024_desrpl","main","DES-R-PL_21","Dissociative Experiences Scale–Revised (DES-R-PL)",NA,NA,"Some people sometimes find that when they are alone they sometimes talk out loud to themselves.","Once a day or more often",7
"namprb_siwiak_2024_desrpl","main","DES-R-PL_21","Dissociative Experiences Scale–Revised (DES-R-PL)",NA,NA,"Some people sometimes find that when they are alone they sometimes talk out loud to themselves.","At least once a month",4
"namprb_siwiak_2024_desrpl","main","DES-R-PL_21","Dissociative Experiences Scale–Revised (DES-R-PL)",NA,NA,"Some people sometimes find that when they are alone they sometimes talk out loud to themselves.","Never",0
"namprb_siwiak_2024_desrpl","main","DES-R-PL_21","Dissociative Experiences Scale–Revised (DES-R-PL)",NA,NA,"Some people sometimes find that when they are alone they sometimes talk out loud to themselves.","Once a year or several months",3
"namprb_siwiak_2024_desrpl","main","DES-R-PL_21","Dissociative Experiences Scale–Revised (DES-R-PL)",NA,NA,"Some people sometimes find that when they are alone they sometimes talk out loud to themselves.","No more than once a year",2
"namprb_siwiak_2024_desrpl","main","DES-R-PL_21","Dissociative Experiences Scale–Revised (DES-R-PL)",NA,NA,"Some people sometimes find that when they are alone they sometimes talk out loud to themselves.","It happened once or twice",1
"namprb_siwiak_2024_desrpl","main","DES-R-PL_22","Dissociative Experiences Scale–Revised (DES-R-PL)",NA,NA,"Some people find that in one situation they may act so differently compared to another situation that they feel almost as if they were two different people.","More than once a week",6
"namprb_siwiak_2024_desrpl","main","DES-R-PL_22","Dissociative Experiences Scale–Revised (DES-R-PL)",NA,NA,"Some people find that in one situation they may act so differently compared to another situation that they feel almost as if they were two different people.","At least once a month",4
"namprb_siwiak_2024_desrpl","main","DES-R-PL_22","Dissociative Experiences Scale–Revised (DES-R-PL)",NA,NA,"Some people find that in one situation they may act so differently compared to another situation that they feel almost as if they were two different people.","On average once a week",5
"namprb_siwiak_2024_desrpl","main","DES-R-PL_22","Dissociative Experiences Scale–Revised (DES-R-PL)",NA,NA,"Some people find that in one situation they may act so differently compared to another situation that they feel almost as if they were two different people.","Once a year or several months",3
"namprb_siwiak_2024_desrpl","main","DES-R-PL_22","Dissociative Experiences Scale–Revised (DES-R-PL)",NA,NA,"Some people find that in one situation they may act so differently compared to another situation that they feel almost as if they were two different people.","Once a day or more often",7
"namprb_siwiak_2024_desrpl","main","DES-R-PL_22","Dissociative Experiences Scale–Revised (DES-R-PL)",NA,NA,"Some people find that in one situation they may act so differently compared to another situation that they feel almost as if they were two different people.","Never",0
"namprb_siwiak_2024_desrpl","main","DES-R-PL_22","Dissociative Experiences Scale–Revised (DES-R-PL)",NA,NA,"Some people find that in one situation they may act so differently compared to another situation that they feel almost as if they were two different people.","No more than once a year",2
"namprb_siwiak_2024_desrpl","main","DES-R-PL_22","Dissociative Experiences Scale–Revised (DES-R-PL)",NA,NA,"Some people find that in one situation they may act so differently compared to another situation that they feel almost as if they were two different people.","It happened once or twice",1
"namprb_siwiak_2024_desrpl","main","DES-R-PL_23","Dissociative Experiences Scale–Revised (DES-R-PL)",NA,NA,"Some people sometimes feel that in some situations they are able to do things with amazing ease and spontaneity that would usually be difficult for them.","On average once a week",5
"namprb_siwiak_2024_desrpl","main","DES-R-PL_23","Dissociative Experiences Scale–Revised (DES-R-PL)",NA,NA,"Some people sometimes feel that in some situations they are able to do things with amazing ease and spontaneity that would usually be difficult for them.","More than once a week",6
"namprb_siwiak_2024_desrpl","main","DES-R-PL_23","Dissociative Experiences Scale–Revised (DES-R-PL)",NA,NA,"Some people sometimes feel that in some situations they are able to do things with amazing ease and spontaneity that would usually be difficult for them.","No more than once a year",2
"namprb_siwiak_2024_desrpl","main","DES-R-PL_23","Dissociative Experiences Scale–Revised (DES-R-PL)",NA,NA,"Some people sometimes feel that in some situations they are able to do things with amazing ease and spontaneity that would usually be difficult for them.","At least once a month",4
"namprb_siwiak_2024_desrpl","main","DES-R-PL_23","Dissociative Experiences Scale–Revised (DES-R-PL)",NA,NA,"Some people sometimes feel that in some situations they are able to do things with amazing ease and spontaneity that would usually be difficult for them.","Never",0
"namprb_siwiak_2024_desrpl","main","DES-R-PL_23","Dissociative Experiences Scale–Revised (DES-R-PL)",NA,NA,"Some people sometimes feel that in some situations they are able to do things with amazing ease and spontaneity that would usually be difficult for them.","It happened once or twice",1
"namprb_siwiak_2024_desrpl","main","DES-R-PL_23","Dissociative Experiences Scale–Revised (DES-R-PL)",NA,NA,"Some people sometimes feel that in some situations they are able to do things with amazing ease and spontaneity that would usually be difficult for them.","Once a day or more often",7
"namprb_siwiak_2024_desrpl","main","DES-R-PL_23","Dissociative Experiences Scale–Revised (DES-R-PL)",NA,NA,"Some people sometimes feel that in some situations they are able to do things with amazing ease and spontaneity that would usually be difficult for them.","Once a year or several months",3
"namprb_siwiak_2024_desrpl","main","DES-R-PL_24","Dissociative Experiences Scale–Revised (DES-R-PL)",NA,NA,"Some people sometimes find that they cannot remember whether they have done something or have just thought about doing that thing.","At least once a month",4
"namprb_siwiak_2024_desrpl","main","DES-R-PL_24","Dissociative Experiences Scale–Revised (DES-R-PL)",NA,NA,"Some people sometimes find that they cannot remember whether they have done something or have just thought about doing that thing.","Once a year or several months",3
"namprb_siwiak_2024_desrpl","main","DES-R-PL_24","Dissociative Experiences Scale–Revised (DES-R-PL)",NA,NA,"Some people sometimes find that they cannot remember whether they have done something or have just thought about doing that thing.","No more than once a year",2
"namprb_siwiak_2024_desrpl","main","DES-R-PL_24","Dissociative Experiences Scale–Revised (DES-R-PL)",NA,NA,"Some people sometimes find that they cannot remember whether they have done something or have just thought about doing that thing.","Once a day or more often",7
"namprb_siwiak_2024_desrpl","main","DES-R-PL_24","Dissociative Experiences Scale–Revised (DES-R-PL)",NA,NA,"Some people sometimes find that they cannot remember whether they have done something or have just thought about doing that thing.","On average once a week",5
"namprb_siwiak_2024_desrpl","main","DES-R-PL_24","Dissociative Experiences Scale–Revised (DES-R-PL)",NA,NA,"Some people sometimes find that they cannot remember whether they have done something or have just thought about doing that thing.","More than once a week",6
"namprb_siwiak_2024_desrpl","main","DES-R-PL_24","Dissociative Experiences Scale–Revised (DES-R-PL)",NA,NA,"Some people sometimes find that they cannot remember whether they have done something or have just thought about doing that thing.","It happened once or twice",1
"namprb_siwiak_2024_desrpl","main","DES-R-PL_24","Dissociative Experiences Scale–Revised (DES-R-PL)",NA,NA,"Some people sometimes find that they cannot remember whether they have done something or have just thought about doing that thing.","Never",0
"namprb_siwiak_2024_desrpl","main","DES-R-PL_25","Dissociative Experiences Scale–Revised (DES-R-PL)",NA,NA,"Some people sometimes find evidence that they have done things that they do not remember doing.","No more than once a year",2
"namprb_siwiak_2024_desrpl","main","DES-R-PL_25","Dissociative Experiences Scale–Revised (DES-R-PL)",NA,NA,"Some people sometimes find evidence that they have done things that they do not remember doing.","Once a year or several months",3
"namprb_siwiak_2024_desrpl","main","DES-R-PL_25","Dissociative Experiences Scale–Revised (DES-R-PL)",NA,NA,"Some people sometimes find evidence that they have done things that they do not remember doing.","At least once a month",4
"namprb_siwiak_2024_desrpl","main","DES-R-PL_25","Dissociative Experiences Scale–Revised (DES-R-PL)",NA,NA,"Some people sometimes find evidence that they have done things that they do not remember doing.","On average once a week",5
"namprb_siwiak_2024_desrpl","main","DES-R-PL_25","Dissociative Experiences Scale–Revised (DES-R-PL)",NA,NA,"Some people sometimes find evidence that they have done things that they do not remember doing.","More than once a week",6
"namprb_siwiak_2024_desrpl","main","DES-R-PL_25","Dissociative Experiences Scale–Revised (DES-R-PL)",NA,NA,"Some people sometimes find evidence that they have done things that they do not remember doing.","Once a day or more often",7
"namprb_siwiak_2024_desrpl","main","DES-R-PL_25","Dissociative Experiences Scale–Revised (DES-R-PL)",NA,NA,"Some people sometimes find evidence that they have done things that they do not remember doing.","It happened once or twice",1
"namprb_siwiak_2024_desrpl","main","DES-R-PL_25","Dissociative Experiences Scale–Revised (DES-R-PL)",NA,NA,"Some people sometimes find evidence that they have done things that they do not remember doing.","Never",0
"namprb_siwiak_2024_desrpl","main","DES-R-PL_26","Dissociative Experiences Scale–Revised (DES-R-PL)",NA,NA,"Some people sometimes find writings, drawings, or notes among their belongings that they must have done but cannot remember doing.","Once a year or several months",3
"namprb_siwiak_2024_desrpl","main","DES-R-PL_26","Dissociative Experiences Scale–Revised (DES-R-PL)",NA,NA,"Some people sometimes find writings, drawings, or notes among their belongings that they must have done but cannot remember doing.","It happened once or twice",1
"namprb_siwiak_2024_desrpl","main","DES-R-PL_26","Dissociative Experiences Scale–Revised (DES-R-PL)",NA,NA,"Some people sometimes find writings, drawings, or notes among their belongings that they must have done but cannot remember doing.","More than once a week",6
"namprb_siwiak_2024_desrpl","main","DES-R-PL_26","Dissociative Experiences Scale–Revised (DES-R-PL)",NA,NA,"Some people sometimes find writings, drawings, or notes among their belongings that they must have done but cannot remember doing.","Never",0
"namprb_siwiak_2024_desrpl","main","DES-R-PL_26","Dissociative Experiences Scale–Revised (DES-R-PL)",NA,NA,"Some people sometimes find writings, drawings, or notes among their belongings that they must have done but cannot remember doing.","At least once a month",4
"namprb_siwiak_2024_desrpl","main","DES-R-PL_26","Dissociative Experiences Scale–Revised (DES-R-PL)",NA,NA,"Some people sometimes find writings, drawings, or notes among their belongings that they must have done but cannot remember doing.","No more than once a year",2
"namprb_siwiak_2024_desrpl","main","DES-R-PL_26","Dissociative Experiences Scale–Revised (DES-R-PL)",NA,NA,"Some people sometimes find writings, drawings, or notes among their belongings that they must have done but cannot remember doing.","Once a day or more often",7
"namprb_siwiak_2024_desrpl","main","DES-R-PL_26","Dissociative Experiences Scale–Revised (DES-R-PL)",NA,NA,"Some people sometimes find writings, drawings, or notes among their belongings that they must have done but cannot remember doing.","On average once a week",5
"namprb_siwiak_2024_desrpl","main","DES-R-PL_27","Dissociative Experiences Scale–Revised (DES-R-PL)",NA,NA,"Some people sometimes find that they hear voices in their head that tell them to do things or comment on what they are doing.","No more than once a year",2
"namprb_siwiak_2024_desrpl","main","DES-R-PL_27","Dissociative Experiences Scale–Revised (DES-R-PL)",NA,NA,"Some people sometimes find that they hear voices in their head that tell them to do things or comment on what they are doing.","Once a year or several months",3
"namprb_siwiak_2024_desrpl","main","DES-R-PL_27","Dissociative Experiences Scale–Revised (DES-R-PL)",NA,NA,"Some people sometimes find that they hear voices in their head that tell them to do things or comment on what they are doing.","On average once a week",5
"namprb_siwiak_2024_desrpl","main","DES-R-PL_27","Dissociative Experiences Scale–Revised (DES-R-PL)",NA,NA,"Some people sometimes find that they hear voices in their head that tell them to do things or comment on what they are doing.","More than once a week",6
"namprb_siwiak_2024_desrpl","main","DES-R-PL_27","Dissociative Experiences Scale–Revised (DES-R-PL)",NA,NA,"Some people sometimes find that they hear voices in their head that tell them to do things or comment on what they are doing.","Never",0
"namprb_siwiak_2024_desrpl","main","DES-R-PL_27","Dissociative Experiences Scale–Revised (DES-R-PL)",NA,NA,"Some people sometimes find that they hear voices in their head that tell them to do things or comment on what they are doing.","It happened once or twice",1
"namprb_siwiak_2024_desrpl","main","DES-R-PL_27","Dissociative Experiences Scale–Revised (DES-R-PL)",NA,NA,"Some people sometimes find that they hear voices in their head that tell them to do things or comment on what they are doing.","At least once a month",4
"namprb_siwiak_2024_desrpl","main","DES-R-PL_27","Dissociative Experiences Scale–Revised (DES-R-PL)",NA,NA,"Some people sometimes find that they hear voices in their head that tell them to do things or comment on what they are doing.","Once a day or more often",7
"namprb_siwiak_2024_desrpl","main","DES-R-PL_28","Dissociative Experiences Scale–Revised (DES-R-PL)",NA,NA,"Some people sometimes feel as if they are looking at the world through a fog so that people or objects appear far away or unclear.","Never",0
"namprb_siwiak_2024_desrpl","main","DES-R-PL_28","Dissociative Experiences Scale–Revised (DES-R-PL)",NA,NA,"Some people sometimes feel as if they are looking at the world through a fog so that people or objects appear far away or unclear.","It happened once or twice",1
"namprb_siwiak_2024_desrpl","main","DES-R-PL_28","Dissociative Experiences Scale–Revised (DES-R-PL)",NA,NA,"Some people sometimes feel as if they are looking at the world through a fog so that people or objects appear far away or unclear.","No more than once a year",2
"namprb_siwiak_2024_desrpl","main","DES-R-PL_28","Dissociative Experiences Scale–Revised (DES-R-PL)",NA,NA,"Some people sometimes feel as if they are looking at the world through a fog so that people or objects appear far away or unclear.","Once a year or several months",3
"namprb_siwiak_2024_desrpl","main","DES-R-PL_28","Dissociative Experiences Scale–Revised (DES-R-PL)",NA,NA,"Some people sometimes feel as if they are looking at the world through a fog so that people or objects appear far away or unclear.","At least once a month",4
"namprb_siwiak_2024_desrpl","main","DES-R-PL_28","Dissociative Experiences Scale–Revised (DES-R-PL)",NA,NA,"Some people sometimes feel as if they are looking at the world through a fog so that people or objects appear far away or unclear.","On average once a week",5
"namprb_siwiak_2024_desrpl","main","DES-R-PL_28","Dissociative Experiences Scale–Revised (DES-R-PL)",NA,NA,"Some people sometimes feel as if they are looking at the world through a fog so that people or objects appear far away or unclear.","More than once a week",6
"namprb_siwiak_2024_desrpl","main","DES-R-PL_28","Dissociative Experiences Scale–Revised (DES-R-PL)",NA,NA,"Some people sometimes feel as if they are looking at the world through a fog so that people or objects appear far away or unclear.","Once a day or more often",7
"namprb_siwiak_2024_desrpl","main","DES-R-PL_3","Dissociative Experiences Scale–Revised (DES-R-PL)",NA,NA,"Some people have the experience of finding themselves in a place and they have no idea how they got there.","No more than once a year",2
"namprb_siwiak_2024_desrpl","main","DES-R-PL_3","Dissociative Experiences Scale–Revised (DES-R-PL)",NA,NA,"Some people have the experience of finding themselves in a place and they have no idea how they got there.","Never",0
"namprb_siwiak_2024_desrpl","main","DES-R-PL_3","Dissociative Experiences Scale–Revised (DES-R-PL)",NA,NA,"Some people have the experience of finding themselves in a place and they have no idea how they got there.","On average once a week",5
"namprb_siwiak_2024_desrpl","main","DES-R-PL_3","Dissociative Experiences Scale–Revised (DES-R-PL)",NA,NA,"Some people have the experience of finding themselves in a place and they have no idea how they got there.","Once a year or several months",3
"namprb_siwiak_2024_desrpl","main","DES-R-PL_3","Dissociative Experiences Scale–Revised (DES-R-PL)",NA,NA,"Some people have the experience of finding themselves in a place and they have no idea how they got there.","Once a day or more often",7
"namprb_siwiak_2024_desrpl","main","DES-R-PL_3","Dissociative Experiences Scale–Revised (DES-R-PL)",NA,NA,"Some people have the experience of finding themselves in a place and they have no idea how they got there.","It happened once or twice",1
"namprb_siwiak_2024_desrpl","main","DES-R-PL_3","Dissociative Experiences Scale–Revised (DES-R-PL)",NA,NA,"Some people have the experience of finding themselves in a place and they have no idea how they got there.","More than once a week",6
"namprb_siwiak_2024_desrpl","main","DES-R-PL_3","Dissociative Experiences Scale–Revised (DES-R-PL)",NA,NA,"Some people have the experience of finding themselves in a place and they have no idea how they got there.","At least once a month",4
"namprb_siwiak_2024_desrpl","main","DES-R-PL_4","Dissociative Experiences Scale–Revised (DES-R-PL)",NA,NA,"Some people have the experience of finding themselves dressed in clothes that they don’t remember putting on.","Once a day or more often",7
"namprb_siwiak_2024_desrpl","main","DES-R-PL_4","Dissociative Experiences Scale–Revised (DES-R-PL)",NA,NA,"Some people have the experience of finding themselves dressed in clothes that they don’t remember putting on.","More than once a week",6
"namprb_siwiak_2024_desrpl","main","DES-R-PL_4","Dissociative Experiences Scale–Revised (DES-R-PL)",NA,NA,"Some people have the experience of finding themselves dressed in clothes that they don’t remember putting on.","Never",0
"namprb_siwiak_2024_desrpl","main","DES-R-PL_4","Dissociative Experiences Scale–Revised (DES-R-PL)",NA,NA,"Some people have the experience of finding themselves dressed in clothes that they don’t remember putting on.","It happened once or twice",1
"namprb_siwiak_2024_desrpl","main","DES-R-PL_4","Dissociative Experiences Scale–Revised (DES-R-PL)",NA,NA,"Some people have the experience of finding themselves dressed in clothes that they don’t remember putting on.","No more than once a year",2
"namprb_siwiak_2024_desrpl","main","DES-R-PL_4","Dissociative Experiences Scale–Revised (DES-R-PL)",NA,NA,"Some people have the experience of finding themselves dressed in clothes that they don’t remember putting on.","Once a year or several months",3
"namprb_siwiak_2024_desrpl","main","DES-R-PL_4","Dissociative Experiences Scale–Revised (DES-R-PL)",NA,NA,"Some people have the experience of finding themselves dressed in clothes that they don’t remember putting on.","At least once a month",4
"namprb_siwiak_2024_desrpl","main","DES-R-PL_4","Dissociative Experiences Scale–Revised (DES-R-PL)",NA,NA,"Some people have the experience of finding themselves dressed in clothes that they don’t remember putting on.","On average once a week",5
"namprb_siwiak_2024_desrpl","main","DES-R-PL_5","Dissociative Experiences Scale–Revised (DES-R-PL)",NA,NA,"Some people have the experience of finding new things among their belongings that they do not remember buying.","Once a day or more often",7
"namprb_siwiak_2024_desrpl","main","DES-R-PL_5","Dissociative Experiences Scale–Revised (DES-R-PL)",NA,NA,"Some people have the experience of finding new things among their belongings that they do not remember buying.","More than once a week",6
"namprb_siwiak_2024_desrpl","main","DES-R-PL_5","Dissociative Experiences Scale–Revised (DES-R-PL)",NA,NA,"Some people have the experience of finding new things among their belongings that they do not remember buying.","It happened once or twice",1
"namprb_siwiak_2024_desrpl","main","DES-R-PL_5","Dissociative Experiences Scale–Revised (DES-R-PL)",NA,NA,"Some people have the experience of finding new things among their belongings that they do not remember buying.","No more than once a year",2
"namprb_siwiak_2024_desrpl","main","DES-R-PL_5","Dissociative Experiences Scale–Revised (DES-R-PL)",NA,NA,"Some people have the experience of finding new things among their belongings that they do not remember buying.","Never",0
"namprb_siwiak_2024_desrpl","main","DES-R-PL_5","Dissociative Experiences Scale–Revised (DES-R-PL)",NA,NA,"Some people have the experience of finding new things among their belongings that they do not remember buying.","On average once a week",5
"namprb_siwiak_2024_desrpl","main","DES-R-PL_5","Dissociative Experiences Scale–Revised (DES-R-PL)",NA,NA,"Some people have the experience of finding new things among their belongings that they do not remember buying.","At least once a month",4
"namprb_siwiak_2024_desrpl","main","DES-R-PL_5","Dissociative Experiences Scale–Revised (DES-R-PL)",NA,NA,"Some people have the experience of finding new things among their belongings that they do not remember buying.","Once a year or several months",3
"namprb_siwiak_2024_desrpl","main","DES-R-PL_6","Dissociative Experiences Scale–Revised (DES-R-PL)",NA,NA,"Some people sometimes find that they are approached by people that they do not know who call them by name or insist that they have met before.","At least once a month",4
"namprb_siwiak_2024_desrpl","main","DES-R-PL_6","Dissociative Experiences Scale–Revised (DES-R-PL)",NA,NA,"Some people sometimes find that they are approached by people that they do not know who call them by name or insist that they have met before.","Never",0
"namprb_siwiak_2024_desrpl","main","DES-R-PL_6","Dissociative Experiences Scale–Revised (DES-R-PL)",NA,NA,"Some people sometimes find that they are approached by people that they do not know who call them by name or insist that they have met before.","More than once a week",6
"namprb_siwiak_2024_desrpl","main","DES-R-PL_6","Dissociative Experiences Scale–Revised (DES-R-PL)",NA,NA,"Some people sometimes find that they are approached by people that they do not know who call them by name or insist that they have met before.","Once a day or more often",7
"namprb_siwiak_2024_desrpl","main","DES-R-PL_6","Dissociative Experiences Scale–Revised (DES-R-PL)",NA,NA,"Some people sometimes find that they are approached by people that they do not know who call them by name or insist that they have met before.","Once a year or several months",3
"namprb_siwiak_2024_desrpl","main","DES-R-PL_6","Dissociative Experiences Scale–Revised (DES-R-PL)",NA,NA,"Some people sometimes find that they are approached by people that they do not know who call them by name or insist that they have met before.","On average once a week",5
"namprb_siwiak_2024_desrpl","main","DES-R-PL_6","Dissociative Experiences Scale–Revised (DES-R-PL)",NA,NA,"Some people sometimes find that they are approached by people that they do not know who call them by name or insist that they have met before.","It happened once or twice",1
"namprb_siwiak_2024_desrpl","main","DES-R-PL_6","Dissociative Experiences Scale–Revised (DES-R-PL)",NA,NA,"Some people sometimes find that they are approached by people that they do not know who call them by name or insist that they have met before.","No more than once a year",2
"namprb_siwiak_2024_desrpl","main","DES-R-PL_7","Dissociative Experiences Scale–Revised (DES-R-PL)",NA,NA,"Some people sometimes have the experience of feeling as though they are standing next to themselves or watching themselves do something and they actually see themselves as if they were looking at another person.","More than once a week",6
"namprb_siwiak_2024_desrpl","main","DES-R-PL_7","Dissociative Experiences Scale–Revised (DES-R-PL)",NA,NA,"Some people sometimes have the experience of feeling as though they are standing next to themselves or watching themselves do something and they actually see themselves as if they were looking at another person.","On average once a week",5
"namprb_siwiak_2024_desrpl","main","DES-R-PL_7","Dissociative Experiences Scale–Revised (DES-R-PL)",NA,NA,"Some people sometimes have the experience of feeling as though they are standing next to themselves or watching themselves do something and they actually see themselves as if they were looking at another person.","Once a day or more often",7
"namprb_siwiak_2024_desrpl","main","DES-R-PL_7","Dissociative Experiences Scale–Revised (DES-R-PL)",NA,NA,"Some people sometimes have the experience of feeling as though they are standing next to themselves or watching themselves do something and they actually see themselves as if they were looking at another person.","Never",0
"namprb_siwiak_2024_desrpl","main","DES-R-PL_7","Dissociative Experiences Scale–Revised (DES-R-PL)",NA,NA,"Some people sometimes have the experience of feeling as though they are standing next to themselves or watching themselves do something and they actually see themselves as if they were looking at another person.","At least once a month",4
"namprb_siwiak_2024_desrpl","main","DES-R-PL_7","Dissociative Experiences Scale–Revised (DES-R-PL)",NA,NA,"Some people sometimes have the experience of feeling as though they are standing next to themselves or watching themselves do something and they actually see themselves as if they were looking at another person.","No more than once a year",2
"namprb_siwiak_2024_desrpl","main","DES-R-PL_7","Dissociative Experiences Scale–Revised (DES-R-PL)",NA,NA,"Some people sometimes have the experience of feeling as though they are standing next to themselves or watching themselves do something and they actually see themselves as if they were looking at another person.","Once a year or several months",3
"namprb_siwiak_2024_desrpl","main","DES-R-PL_7","Dissociative Experiences Scale–Revised (DES-R-PL)",NA,NA,"Some people sometimes have the experience of feeling as though they are standing next to themselves or watching themselves do something and they actually see themselves as if they were looking at another person.","It happened once or twice",1
"namprb_siwiak_2024_desrpl","main","DES-R-PL_8","Dissociative Experiences Scale–Revised (DES-R-PL)",NA,NA,"Some people are told that they sometimes do not recognize friends or family members.","More than once a week",6
"namprb_siwiak_2024_desrpl","main","DES-R-PL_8","Dissociative Experiences Scale–Revised (DES-R-PL)",NA,NA,"Some people are told that they sometimes do not recognize friends or family members.","On average once a week",5
"namprb_siwiak_2024_desrpl","main","DES-R-PL_8","Dissociative Experiences Scale–Revised (DES-R-PL)",NA,NA,"Some people are told that they sometimes do not recognize friends or family members.","At least once a month",4
"namprb_siwiak_2024_desrpl","main","DES-R-PL_8","Dissociative Experiences Scale–Revised (DES-R-PL)",NA,NA,"Some people are told that they sometimes do not recognize friends or family members.","Once a day or more often",7
"namprb_siwiak_2024_desrpl","main","DES-R-PL_8","Dissociative Experiences Scale–Revised (DES-R-PL)",NA,NA,"Some people are told that they sometimes do not recognize friends or family members.","Once a year or several months",3
"namprb_siwiak_2024_desrpl","main","DES-R-PL_8","Dissociative Experiences Scale–Revised (DES-R-PL)",NA,NA,"Some people are told that they sometimes do not recognize friends or family members.","Never",0
"namprb_siwiak_2024_desrpl","main","DES-R-PL_8","Dissociative Experiences Scale–Revised (DES-R-PL)",NA,NA,"Some people are told that they sometimes do not recognize friends or family members.","It happened once or twice",1
"namprb_siwiak_2024_desrpl","main","DES-R-PL_8","Dissociative Experiences Scale–Revised (DES-R-PL)",NA,NA,"Some people are told that they sometimes do not recognize friends or family members.","No more than once a year",2
"namprb_siwiak_2024_desrpl","main","DES-R-PL_9","Dissociative Experiences Scale–Revised (DES-R-PL)",NA,NA,"Some people find that they have no memory for some important events in their lives, for example a wedding or graduation.","At least once a month",4
"namprb_siwiak_2024_desrpl","main","DES-R-PL_9","Dissociative Experiences Scale–Revised (DES-R-PL)",NA,NA,"Some people find that they have no memory for some important events in their lives, for example a wedding or graduation.","Once a year or several months",3
"namprb_siwiak_2024_desrpl","main","DES-R-PL_9","Dissociative Experiences Scale–Revised (DES-R-PL)",NA,NA,"Some people find that they have no memory for some important events in their lives, for example a wedding or graduation.","Once a day or more often",7
"namprb_siwiak_2024_desrpl","main","DES-R-PL_9","Dissociative Experiences Scale–Revised (DES-R-PL)",NA,NA,"Some people find that they have no memory for some important events in their lives, for example a wedding or graduation.","On average once a week",5
"namprb_siwiak_2024_desrpl","main","DES-R-PL_9","Dissociative Experiences Scale–Revised (DES-R-PL)",NA,NA,"Some people find that they have no memory for some important events in their lives, for example a wedding or graduation.","More than once a week",6
"namprb_siwiak_2024_desrpl","main","DES-R-PL_9","Dissociative Experiences Scale–Revised (DES-R-PL)",NA,NA,"Some people find that they have no memory for some important events in their lives, for example a wedding or graduation.","No more than once a year",2
"namprb_siwiak_2024_desrpl","main","DES-R-PL_9","Dissociative Experiences Scale–Revised (DES-R-PL)",NA,NA,"Some people find that they have no memory for some important events in their lives, for example a wedding or graduation.","It happened once or twice",1
"namprb_siwiak_2024_desrpl","main","DES-R-PL_9","Dissociative Experiences Scale–Revised (DES-R-PL)",NA,NA,"Some people find that they have no memory for some important events in their lives, for example a wedding or graduation.","Never",0
